"Symbol  ","Series  ","date","Prev Close  ","open","high","low","Last Price  ","close","Average Price ","volume","Turnover ₹  ","No. of Trades  ","Deliverable Qty  ","% Dly Qt to Traded Qty  "
"RELIANCE","EQ","30-Dec-2024","1,221.05","1,216.40","1,223.20","1,208.10","1,211.50","1,210.70","1,214.71","88,18,766","10,71,22,29,377.50","3,08,317","53,71,141","60.91"
"RELIANCE","EQ","31-Dec-2024","1,210.70","1,208.00","1,219.10","1,206.15","1,216.40","1,215.45","1,213.08","64,05,475","7,77,03,38,353.90","1,80,916","33,53,131","52.35"
"RELIANCE","EQ","01-Jan-2025","1,215.45","1,214.85","1,226.30","1,211.60","1,222.75","1,221.25","1,221.01","58,92,590","7,19,48,99,836.45","1,38,528","27,46,921","46.62"
"RELIANCE","EQ","02-Jan-2025","1,221.25","1,221.25","1,244.45","1,220.00","1,240.55","1,241.80","1,234.32","1,54,86,276","19,11,50,27,208.35","2,71,108","97,71,015","63.09"
"RELIANCE","EQ","03-Jan-2025","1,241.80","1,243.90","1,262.05","1,235.50","1,249.85","1,251.15","1,250.34","1,55,21,102","19,40,67,15,598.75","2,77,290","90,35,649","58.22"
"RELIANCE","EQ","06-Jan-2025","1,251.15","1,253.95","1,262.00","1,215.00","1,216.25","1,218.00","1,235.67","1,48,16,766","18,30,86,52,263.95","3,17,843","88,15,355","59.50"
"RELIANCE","EQ","07-Jan-2025","1,218.00","1,222.00","1,244.50","1,221.25","1,239.95","1,240.85","1,237.63","1,00,70,505","12,46,35,97,633.45","2,16,620","63,59,466","63.15"
"RELIANCE","EQ","08-Jan-2025","1,240.85","1,249.00","1,271.05","1,245.35","1,261.35","1,265.50","1,263.24","1,93,46,579","24,43,93,45,120.55","5,31,488","1,23,39,259","63.78"
"RELIANCE","EQ","09-Jan-2025","1,265.50","1,267.00","1,269.75","1,248.05","1,256.80","1,254.75","1,257.46","1,27,94,704","16,08,88,82,554.20","3,90,501","78,66,010","61.48"
"RELIANCE","EQ","10-Jan-2025","1,254.75","1,253.85","1,256.75","1,236.00","1,245.55","1,241.90","1,245.97","81,20,332","10,11,76,85,547.70","3,40,024","51,57,757","63.52"
"RELIANCE","EQ","13-Jan-2025","1,241.90","1,230.00","1,245.25","1,226.40","1,240.75","1,239.85","1,238.10","1,37,64,861","17,04,22,74,859.85","3,98,257","97,83,488","71.08"
"RELIANCE","EQ","14-Jan-2025","1,239.85","1,244.10","1,253.35","1,227.25","1,239.00","1,238.75","1,236.46","1,30,95,266","16,19,17,65,836.20","2,78,977","80,16,799","61.22"
"RELIANCE","EQ","15-Jan-2025","1,238.75","1,244.95","1,257.00","1,241.85","1,252.00","1,252.20","1,250.11","95,78,856","11,97,46,00,753.05","2,20,174","62,44,396","65.19"
"RELIANCE","EQ","16-Jan-2025","1,252.20","1,258.90","1,275.00","1,251.30","1,275.00","1,266.45","1,262.86","1,41,17,603","17,82,84,86,685.90","2,07,451","93,06,492","65.92"
"RELIANCE","EQ","17-Jan-2025","1,266.45","1,322.25","1,326.00","1,285.00","1,300.00","1,302.35","1,300.80","2,93,66,277","38,19,97,28,794.40","5,94,018","1,56,34,926","53.24"
"RELIANCE","EQ","20-Jan-2025","1,302.35","1,316.00","1,316.00","1,300.25","1,304.00","1,305.45","1,307.82","1,40,40,244","18,36,20,47,246.70","2,80,553","1,06,32,935","75.73"
"RELIANCE","EQ","21-Jan-2025","1,305.45","1,310.50","1,313.00","1,270.20","1,277.60","1,273.70","1,284.79","1,45,62,976","18,71,03,66,859.10","3,25,783","67,49,191","46.34"
"RELIANCE","EQ","22-Jan-2025","1,273.70","1,278.30","1,282.90","1,268.70","1,278.00","1,277.10","1,276.09","1,02,73,590","13,11,00,04,094.65","2,39,816","67,18,929","65.40"
"RELIANCE","BL","23-Jan-2025","2,393.90","1,263.20","1,263.20","1,263.20","1,263.20","1,263.20","1,263.20","10,96,295","1,38,48,39,844.00","1","-","-"
"RELIANCE","EQ","23-Jan-2025","1,277.10","1,270.00","1,277.35","1,261.60","1,264.90","1,263.65","1,267.52","87,20,682","11,05,36,24,692.80","1,88,421","54,06,848","62.00"
"RELIANCE","EQ","24-Jan-2025","1,263.65","1,266.00","1,273.00","1,243.50","1,244.45","1,246.30","1,252.27","1,42,35,970","17,82,72,72,395.00","2,63,461","1,00,50,105","70.60"
"RELIANCE","EQ","27-Jan-2025","1,246.30","1,239.10","1,240.45","1,220.00","1,229.00","1,229.35","1,229.35","95,36,019","11,72,31,27,883.65","3,68,025","56,19,689","58.93"
"RELIANCE","EQ","28-Jan-2025","1,229.35","1,238.00","1,244.75","1,218.50","1,235.00","1,234.40","1,232.65","1,05,68,025","13,02,66,73,067.35","2,86,863","50,69,011","47.97"
"RELIANCE","EQ","29-Jan-2025","1,234.40","1,236.00","1,242.75","1,228.05","1,237.25","1,235.50","1,236.66","59,28,156","7,33,11,19,895.80","1,67,073","30,43,758","51.34"
"RELIANCE","EQ","30-Jan-2025","1,235.50","1,235.55","1,257.00","1,232.40","1,253.15","1,253.05","1,249.15","92,69,259","11,57,86,93,152.95","2,27,871","48,51,304","52.34"
"RELIANCE","EQ","31-Jan-2025","1,253.05","1,255.85","1,267.00","1,249.00","1,266.00","1,265.10","1,261.32","65,84,612","8,30,52,91,978.45","1,69,481","39,46,480","59.93"
"RELIANCE","EQ","01-Feb-2025","1,265.10","1,265.10","1,270.55","1,241.00","1,264.00","1,264.60","1,260.42","71,18,453","8,97,22,48,877.35","1,43,258","38,97,425","54.75"
"RELIANCE","EQ","03-Feb-2025","1,264.60","1,251.00","1,256.00","1,237.55","1,247.00","1,245.90","1,247.14","92,52,345","11,53,89,63,041.00","2,68,425","58,57,587","63.31"
"RELIANCE","EQ","04-Feb-2025","1,245.90","1,248.05","1,288.80","1,246.60","1,282.90","1,285.20","1,273.65","1,66,91,069","21,25,84,96,964.75","3,23,415","1,10,61,482","66.27"
"RELIANCE","EQ","05-Feb-2025","1,285.20","1,282.65","1,290.50","1,276.70","1,278.50","1,278.20","1,281.97","1,01,12,028","12,96,33,36,513.05","2,19,550","69,85,210","69.08"
"RELIANCE","EQ","06-Feb-2025","1,278.20","1,273.70","1,288.00","1,270.35","1,283.00","1,281.55","1,279.27","99,56,001","12,73,63,85,821.45","2,17,888","49,37,305","49.59"
"RELIANCE","EQ","07-Feb-2025","1,281.55","1,276.15","1,283.70","1,262.00","1,266.50","1,266.70","1,270.98","87,64,283","11,13,92,40,963.05","1,74,531","55,91,594","63.80"
"RELIANCE","EQ","10-Feb-2025","1,266.70","1,264.50","1,266.50","1,245.55","1,254.65","1,253.65","1,251.52","69,70,972","8,72,42,86,360.55","1,73,316","41,94,326","60.17"
"RELIANCE","EQ","11-Feb-2025","1,253.65","1,264.55","1,264.55","1,230.10","1,237.55","1,234.85","1,244.26","88,59,714","11,02,37,57,522.95","2,40,683","39,30,056","44.36"
"RELIANCE","EQ","12-Feb-2025","1,234.85","1,219.45","1,226.90","1,193.35","1,217.05","1,216.55","1,211.39","2,11,31,654","25,59,86,19,531.25","4,04,276","1,19,59,395","56.59"
"RELIANCE","EQ","13-Feb-2025","1,216.55","1,217.05","1,228.00","1,212.00","1,216.20","1,216.10","1,219.60","85,11,216","10,38,02,76,762.25","2,66,249","42,74,015","50.22"
"RELIANCE","EQ","14-Feb-2025","1,216.10","1,219.00","1,224.00","1,205.45","1,214.75","1,217.25","1,215.10","1,02,98,145","12,51,32,77,266.75","2,02,314","66,13,749","64.22"
"RELIANCE","EQ","17-Feb-2025","1,217.25","1,211.10","1,227.50","1,204.50","1,225.45","1,224.90","1,219.62","81,66,683","9,96,02,41,446.85","2,20,670","44,47,866","54.46"
"RELIANCE","EQ","18-Feb-2025","1,224.90","1,224.85","1,229.90","1,216.10","1,223.95","1,225.40","1,223.94","66,73,250","8,16,76,61,853.95","1,81,273","36,55,419","54.78"
"RELIANCE","EQ","19-Feb-2025","1,225.40","1,219.50","1,232.75","1,217.55","1,226.30","1,227.45","1,226.67","62,17,338","7,62,66,01,753.25","1,78,165","34,46,716","55.44"
"RELIANCE","EQ","20-Feb-2025","1,227.45","1,223.95","1,239.35","1,222.00","1,232.00","1,233.00","1,233.94","77,95,582","9,61,92,77,166.50","1,62,561","54,39,316","69.77"
"RELIANCE","EQ","21-Feb-2025","1,233.00","1,228.70","1,240.00","1,222.15","1,226.90","1,228.15","1,231.37","69,04,025","8,50,13,82,497.70","2,13,824","41,60,538","60.26"
"RELIANCE","EQ","24-Feb-2025","1,228.15","1,216.55","1,223.25","1,210.50","1,215.00","1,214.55","1,215.90","71,72,498","8,72,10,21,715.35","2,00,264","42,72,207","59.56"
"RELIANCE","EQ","25-Feb-2025","1,214.55","1,211.00","1,221.00","1,201.50","1,202.00","1,204.00","1,209.60","1,15,52,182","13,97,34,92,939.80","2,13,192","67,16,903","58.14"
"RELIANCE","EQ","27-Feb-2025","1,204.00","1,212.80","1,215.00","1,200.65","1,208.00","1,207.10","1,206.31","1,15,09,215","13,88,36,37,029.45","2,36,188","79,94,875","69.46"
"RELIANCE","EQ","28-Feb-2025","1,207.10","1,202.00","1,217.35","1,193.30","1,198.00","1,200.10","1,205.62","2,30,07,298","27,73,81,25,737.60","3,55,378","1,52,67,608","66.36"
"RELIANCE","EQ","03-Mar-2025","1,200.10","1,204.00","1,206.45","1,156.00","1,174.00","1,171.25","1,168.57","1,79,44,938","20,96,99,45,818.55","6,82,013","1,08,38,548","60.40"
"RELIANCE","EQ","04-Mar-2025","1,171.25","1,162.20","1,174.00","1,159.55","1,160.45","1,161.90","1,164.92","1,13,77,373","13,25,37,11,939.15","2,75,459","72,03,207","63.31"
"RELIANCE","EQ","05-Mar-2025","1,161.90","1,161.00","1,183.00","1,157.00","1,177.15","1,175.60","1,173.40","86,64,095","10,16,64,51,492.55","1,96,774","44,98,908","51.93"
"RELIANCE","EQ","06-Mar-2025","1,175.60","1,197.00","1,213.95","1,185.15","1,211.50","1,209.60","1,199.05","1,44,68,014","17,34,79,17,723.20","2,50,467","61,91,944","42.80"
"RELIANCE","EQ","07-Mar-2025","1,209.60","1,216.00","1,254.80","1,212.00","1,246.40","1,249.80","1,243.95","1,64,74,965","20,49,40,65,096.80","4,24,924","87,40,655","53.05"
"RELIANCE","EQ","10-Mar-2025","1,249.80","1,245.00","1,258.00","1,235.40","1,237.70","1,238.40","1,245.85","1,19,31,051","14,86,43,40,065.65","2,88,299","76,59,549","64.20"
"RELIANCE","EQ","11-Mar-2025","1,238.40","1,240.00","1,249.50","1,229.75","1,247.25","1,247.30","1,241.71","1,00,89,838","12,52,86,23,904.20","1,55,065","66,03,639","65.45"
"RELIANCE","EQ","12-Mar-2025","1,247.30","1,258.00","1,263.00","1,244.00","1,255.95","1,257.05","1,252.97","1,19,77,555","15,00,75,14,668.90","1,61,536","79,08,748","66.03"
"RELIANCE","EQ","13-Mar-2025","1,257.05","1,260.05","1,264.15","1,243.85","1,246.65","1,247.90","1,254.23","95,05,270","11,92,17,66,653.80","1,94,588","59,26,669","62.35"
"RELIANCE","EQ","17-Mar-2025","1,247.90","1,242.15","1,257.40","1,233.10","1,241.55","1,238.85","1,239.76","1,66,40,952","20,63,08,43,725.15","2,69,824","1,16,22,060","69.84"
"RELIANCE","BL","18-Mar-2025","1,263.20","1,238.85","1,238.85","1,238.85","1,238.85","1,238.85","1,238.85","1,70,000","21,06,04,500.00","1","-","-"
"RELIANCE","EQ","18-Mar-2025","1,238.85","1,244.70","1,248.35","1,235.00","1,239.95","1,238.80","1,238.98","1,57,45,877","19,50,88,93,454.65","3,12,315","1,13,65,688","72.18"
"RELIANCE","EQ","19-Mar-2025","1,238.80","1,241.05","1,253.25","1,238.80","1,248.00","1,247.15","1,247.22","1,61,62,399","20,15,80,06,340.60","2,17,782","1,13,44,685","70.19"
"RELIANCE","EQ","20-Mar-2025","1,247.15","1,251.85","1,273.00","1,250.05","1,268.20","1,269.15","1,262.54","1,59,71,477","20,16,45,61,988.35","2,19,527","1,05,72,577","66.20"
"RELIANCE","EQ","21-Mar-2025","1,269.15","1,275.00","1,281.00","1,270.10","1,277.50","1,276.35","1,276.34","2,17,80,769","27,79,96,53,516.40","2,30,001","1,69,03,830","77.61"
"RELIANCE","EQ","24-Mar-2025","1,276.35","1,291.00","1,306.00","1,284.25","1,302.65","1,302.10","1,297.38","2,02,99,319","26,33,59,01,171.15","3,47,056","1,50,93,135","74.35"
"RELIANCE","EQ","25-Mar-2025","1,302.10","1,307.70","1,307.70","1,282.60","1,285.25","1,285.45","1,290.63","1,37,13,899","17,69,95,68,389.85","2,71,251","74,10,789","54.04"
"RELIANCE","EQ","26-Mar-2025","1,285.45","1,291.00","1,293.80","1,268.75","1,270.90","1,273.05","1,279.04","1,20,74,747","15,44,40,62,345.35","2,92,138","81,21,899","67.26"
"RELIANCE","EQ","27-Mar-2025","1,273.05","1,278.15","1,285.00","1,271.30","1,280.00","1,278.20","1,278.90","1,50,28,056","19,21,93,99,902.90","2,24,828","98,93,824","65.84"
"RELIANCE","EQ","28-Mar-2025","1,278.20","1,280.00","1,295.75","1,269.00","1,274.00","1,275.10","1,278.15","1,81,47,129","23,19,47,74,030.90","2,65,113","98,48,533","54.27"
"RELIANCE","EQ","01-Apr-2025","1,275.10","1,264.60","1,277.90","1,249.30","1,254.00","1,252.60","1,260.72","1,20,99,648","15,25,42,61,046.80","2,60,862","64,34,612","53.18"
"RELIANCE","EQ","02-Apr-2025","1,252.60","1,247.55","1,255.55","1,243.90","1,252.00","1,251.15","1,251.04","1,01,42,590","12,68,88,02,512.15","1,77,979","72,14,275","71.13"
"RELIANCE","EQ","03-Apr-2025","1,251.15","1,233.05","1,251.80","1,233.05","1,248.50","1,248.70","1,246.31","74,34,366","9,26,55,30,670.85","1,46,316","46,03,545","61.92"
"RELIANCE","EQ","04-Apr-2025","1,248.70","1,241.10","1,245.45","1,193.15","1,205.90","1,204.70","1,206.62","1,79,08,652","21,60,89,77,995.10","5,42,347","1,13,44,617","63.35"
"RELIANCE","EQ","07-Apr-2025","1,204.70","1,132.20","1,171.25","1,114.85","1,171.25","1,165.70","1,150.54","2,21,56,106","25,49,15,01,838.90","6,77,564","1,45,72,975","65.77"
"RELIANCE","EQ","08-Apr-2025","1,165.70","1,172.00","1,196.60","1,163.30","1,181.05","1,182.20","1,179.50","1,95,55,040","23,06,52,09,423.00","3,14,171","1,04,71,288","53.55"
"RELIANCE","EQ","09-Apr-2025","1,182.20","1,169.50","1,189.80","1,168.00","1,187.50","1,185.35","1,183.08","1,02,23,104","12,09,47,49,463.20","1,93,325","59,95,139","58.64"
"RELIANCE","EQ","11-Apr-2025","1,185.35","1,195.15","1,222.65","1,195.15","1,220.00","1,218.95","1,214.05","1,12,24,242","13,62,68,31,085.65","1,87,059","62,66,581","55.83"
"RELIANCE","EQ","15-Apr-2025","1,218.95","1,251.00","1,251.00","1,237.10","1,239.60","1,240.10","1,242.83","1,33,78,535","16,62,71,77,949.10","1,99,888","91,93,395","68.72"
"RELIANCE","EQ","16-Apr-2025","1,240.10","1,234.10","1,240.90","1,229.00","1,238.00","1,239.30","1,235.61","82,48,464","10,19,18,64,641.70","1,64,065","51,88,216","62.90"
"RELIANCE","EQ","17-Apr-2025","1,239.30","1,240.20","1,280.20","1,227.60","1,273.00","1,274.50","1,260.38","1,53,98,401","19,40,78,71,411.00","3,21,235","86,57,714","56.22"
"RELIANCE","EQ","21-Apr-2025","1,274.50","1,270.00","1,300.90","1,267.00","1,295.20","1,295.50","1,291.47","1,04,29,964","13,46,99,49,890.00","2,57,857","65,83,600","63.12"
"RELIANCE","EQ","22-Apr-2025","1,295.50","1,300.00","1,303.90","1,286.30","1,289.00","1,291.20","1,295.99","1,30,51,707","16,91,49,00,850.30","2,29,331","92,26,837","70.69"
"RELIANCE","EQ","23-Apr-2025","1,291.20","1,297.00","1,306.00","1,285.40","1,297.00","1,300.00","1,297.08","1,04,80,888","13,59,45,97,555.00","2,32,149","66,81,779","63.75"
"RELIANCE","EQ","24-Apr-2025","1,300.00","1,292.40","1,304.50","1,290.30","1,303.50","1,301.60","1,298.32","1,04,68,940","13,59,20,84,385.00","1,81,309","70,34,174","67.19"
"RELIANCE","EQ","25-Apr-2025","1,301.60","1,303.50","1,325.20","1,288.10","1,301.00","1,300.40","1,303.30","1,44,31,012","18,80,79,07,514.70","3,07,093","69,43,157","48.11"
"RELIANCE","EQ","28-Apr-2025","1,300.40","1,340.00","1,374.60","1,320.20","1,366.30","1,368.80","1,355.02","3,11,04,496","42,14,71,23,069.00","8,93,347","1,79,39,278","57.67"
"RELIANCE","EQ","29-Apr-2025","1,368.80","1,371.00","1,410.90","1,370.00","1,398.90","1,399.70","1,395.77","3,25,38,970","45,41,70,61,104.50","6,80,195","2,16,85,829","66.65"
"RELIANCE","EQ","30-Apr-2025","1,399.70","1,402.00","1,412.40","1,369.00","1,395.00","1,405.00","1,404.87","2,54,80,745","35,79,72,20,282.00","5,98,769","1,83,05,940","71.84"
"RELIANCE","EQ","02-May-2025","1,405.00","1,414.00","1,426.70","1,409.10","1,422.50","1,422.40","1,419.65","1,75,35,402","24,89,41,40,200.00","3,78,385","1,13,23,037","64.57"
"RELIANCE","EQ","05-May-2025","1,422.40","1,431.00","1,439.50","1,426.90","1,430.00","1,431.30","1,432.00","1,26,85,649","18,16,58,43,553.00","2,04,503","94,47,755","74.48"
"RELIANCE","EQ","06-May-2025","1,431.30","1,431.00","1,432.00","1,410.60","1,418.00","1,420.90","1,419.01","1,40,84,117","19,98,55,59,677.40","2,26,761","1,01,24,390","71.89"
"RELIANCE","EQ","07-May-2025","1,420.90","1,420.90","1,424.40","1,402.70","1,405.90","1,406.00","1,412.79","1,34,40,169","18,98,81,26,278.30","2,22,903","99,34,849","73.92"
"RELIANCE","EQ","08-May-2025","1,406.00","1,404.10","1,420.80","1,398.00","1,398.00","1,407.00","1,410.51","1,61,06,175","22,71,78,78,064.30","2,31,342","99,93,501","62.05"
"RELIANCE","EQ","09-May-2025","1,407.00","1,385.50","1,394.80","1,374.50","1,379.50","1,377.20","1,382.39","1,36,68,904","18,89,57,51,340.10","3,88,013","1,01,91,308","74.56"
"RELIANCE","EQ","12-May-2025","1,377.20","1,400.00","1,439.00","1,400.00","1,436.90","1,436.50","1,426.35","1,06,74,081","15,22,49,70,250.50","3,10,602","69,95,270","65.54"
"RELIANCE","EQ","13-May-2025","1,436.50","1,433.50","1,447.70","1,412.40","1,416.50","1,415.70","1,423.23","1,14,07,896","16,23,61,02,678.90","2,81,992","59,36,423","52.04"
"RELIANCE","EQ","14-May-2025","1,415.70","1,420.00","1,429.90","1,415.50","1,425.20","1,424.40","1,423.31","55,70,160","7,92,80,45,614.70","1,45,014","30,82,135","55.33"
"RELIANCE","EQ","15-May-2025","1,424.40","1,425.00","1,461.40","1,412.70","1,453.00","1,454.20","1,441.41","2,01,77,211","29,08,36,83,834.80","3,14,261","1,11,62,761","55.32"
"RELIANCE","EQ","16-May-2025","1,454.20","1,453.20","1,461.00","1,447.30","1,454.80","1,456.40","1,455.16","90,36,695","13,14,97,97,875.40","1,96,322","63,26,662","70.01"
"RELIANCE","EQ","19-May-2025","1,456.40","1,452.10","1,454.60","1,438.20","1,442.90","1,440.80","1,443.67","61,95,791","8,94,47,05,922.30","1,44,606","38,90,227","62.79"
"RELIANCE","EQ","20-May-2025","1,440.80","1,438.20","1,445.00","1,421.80","1,424.50","1,424.60","1,429.91","1,12,70,560","16,11,59,06,328.30","1,82,531","80,38,555","71.32"
"RELIANCE","EQ","21-May-2025","1,424.60","1,423.90","1,436.20","1,418.10","1,428.20","1,429.20","1,427.75","61,36,364","8,76,12,09,045.90","2,32,529","34,99,009","57.02"
"RELIANCE","EQ","22-May-2025","1,429.20","1,421.20","1,423.80","1,396.90","1,411.50","1,409.40","1,406.85","1,21,34,466","17,07,14,02,011.90","2,28,031","74,20,006","61.15"
"RELIANCE","EQ","23-May-2025","1,409.40","1,406.60","1,433.80","1,406.60","1,426.00","1,426.80","1,424.63","64,74,883","9,22,43,12,172.60","1,35,371","37,88,597","58.51"
"RELIANCE","EQ","26-May-2025","1,426.80","1,432.00","1,441.00","1,425.10","1,435.90","1,434.80","1,437.16","48,42,944","6,96,01,05,851.40","1,71,837","28,06,268","57.95"
"RELIANCE","EQ","27-May-2025","1,434.80","1,426.10","1,437.00","1,413.90","1,424.20","1,422.10","1,421.81","1,26,40,414","17,97,22,11,281.70","2,11,047","69,65,099","55.10"
"RELIANCE","EQ","28-May-2025","1,422.10","1,420.10","1,422.60","1,410.70","1,412.80","1,412.90","1,414.99","59,44,611","8,41,15,75,745.50","1,69,185","37,12,454","62.45"
"RELIANCE","EQ","29-May-2025","1,412.90","1,412.10","1,420.00","1,408.60","1,419.50","1,417.80","1,414.72","1,37,71,917","19,48,34,24,681.60","2,65,116","96,32,471","69.94"
"RELIANCE","EQ","30-May-2025","1,417.80","1,418.00","1,430.60","1,409.70","1,417.90","1,420.90","1,419.89","1,37,88,484","19,57,81,54,095.00","1,55,127","83,40,438","60.49"
"RELIANCE","EQ","02-Jun-2025","1,420.90","1,412.10","1,417.50","1,395.60","1,412.60","1,413.70","1,407.75","80,98,668","11,40,08,64,785.00","1,89,977","47,54,923","58.71"
"RELIANCE","EQ","03-Jun-2025","1,413.70","1,422.30","1,426.50","1,403.40","1,405.40","1,405.50","1,412.34","1,12,52,626","15,89,25,72,174.10","2,30,110","73,59,424","65.40"
"RELIANCE","EQ","04-Jun-2025","1,405.50","1,414.70","1,425.70","1,406.10","1,421.00","1,423.50","1,415.78","81,26,827","11,50,58,06,730.50","1,52,064","59,20,673","72.85"
"RELIANCE","EQ","05-Jun-2025","1,423.50","1,428.00","1,454.70","1,423.60","1,442.70","1,442.40","1,442.72","1,37,16,817","19,78,94,68,217.00","3,04,069","74,77,692","54.51"
"RELIANCE","EQ","06-Jun-2025","1,442.40","1,441.00","1,451.50","1,437.00","1,443.00","1,443.50","1,444.22","81,82,161","11,81,68,75,426.10","1,79,734","46,79,792","57.20"
"RELIANCE","EQ","09-Jun-2025","1,443.50","1,457.00","1,457.50","1,445.30","1,447.20","1,448.80","1,449.95","78,85,125","11,43,30,33,631.80","1,59,916","59,67,583","75.68"
"RELIANCE","EQ","10-Jun-2025","1,448.80","1,450.00","1,453.90","1,436.00","1,437.30","1,438.50","1,442.59","79,13,181","11,41,54,76,580.50","1,67,203","50,70,083","64.07"
"RELIANCE","EQ","11-Jun-2025","1,438.50","1,445.80","1,468.60","1,443.10","1,448.00","1,448.90","1,456.11","81,95,700","11,93,38,50,942.70","1,84,593","43,18,503","52.69"
"RELIANCE","EQ","12-Jun-2025","1,448.90","1,453.50","1,457.00","1,434.40","1,439.50","1,441.60","1,444.32","88,28,114","12,75,06,12,321.30","1,90,194","34,78,490","39.40"
"RELIANCE","EQ","13-Jun-2025","1,441.60","1,424.00","1,435.50","1,414.30","1,427.50","1,427.90","1,423.95","97,57,276","13,89,39,05,321.30","2,02,256","61,38,313","62.91"
"RELIANCE","EQ","16-Jun-2025","1,427.90","1,426.90","1,442.40","1,424.40","1,436.90","1,437.80","1,436.42","84,58,093","12,14,94,12,490.70","2,13,623","61,27,753","72.45"
"RELIANCE","EQ","17-Jun-2025","1,437.80","1,448.00","1,448.00","1,425.80","1,430.00","1,431.20","1,432.15","1,03,66,599","14,84,65,17,402.40","1,91,173","56,67,420","54.67"
"RELIANCE","EQ","18-Jun-2025","1,431.20","1,430.00","1,442.80","1,425.70","1,429.70","1,430.10","1,431.31","66,81,735","9,56,36,29,434.00","1,38,211","40,52,693","60.65"
"RELIANCE","EQ","19-Jun-2025","1,430.10","1,430.10","1,439.90","1,425.70","1,428.00","1,433.30","1,433.80","1,00,07,230","14,34,83,70,217.60","1,79,473","47,37,355","47.34"
"RELIANCE","EQ","20-Jun-2025","1,433.30","1,431.00","1,471.00","1,428.10","1,464.10","1,466.20","1,462.68","2,90,10,635","42,43,33,00,495.60","2,76,278","2,27,29,686","78.35"
"RELIANCE","EQ","23-Jun-2025","1,466.20","1,453.00","1,463.80","1,442.00","1,456.00","1,456.80","1,453.48","59,89,078","8,70,50,05,211.50","2,26,309","33,05,165","55.19"
"RELIANCE","EQ","24-Jun-2025","1,456.80","1,465.00","1,475.00","1,443.10","1,456.80","1,450.80","1,456.68","1,64,02,744","23,89,35,22,923.20","2,84,313","95,41,159","58.17"
"RELIANCE","EQ","25-Jun-2025","1,450.80","1,464.00","1,472.40","1,460.50","1,467.60","1,467.30","1,467.46","75,25,851","11,04,38,61,535.40","1,97,720","48,92,013","65.00"
"RELIANCE","EQ","26-Jun-2025","1,467.30","1,469.10","1,498.80","1,465.10","1,495.30","1,495.30","1,488.16","1,46,57,893","21,81,33,25,246.10","2,47,215","88,78,317","60.57"
"RELIANCE","EQ","27-Jun-2025","1,495.30","1,499.40","1,522.00","1,496.90","1,514.00","1,515.40","1,511.99","1,11,17,052","16,80,89,08,375.40","2,69,877","67,18,471","60.43"
"RELIANCE","EQ","30-Jun-2025","1,515.40","1,513.80","1,524.80","1,496.00","1,499.90","1,500.60","1,509.28","84,09,527","12,69,23,29,820.10","2,42,195","49,74,592","59.15"
"RELIANCE","EQ","01-Jul-2025","1,500.60","1,500.60","1,531.40","1,500.10","1,526.80","1,528.40","1,522.95","1,03,68,523","15,79,07,50,945.40","2,32,573","57,60,652","55.56"
"RELIANCE","EQ","02-Jul-2025","1,528.40","1,528.40","1,530.00","1,508.70","1,517.10","1,518.80","1,518.29","63,61,002","9,65,78,44,399.40","1,83,873","30,82,049","48.45"
"RELIANCE","EQ","03-Jul-2025","1,518.80","1,520.80","1,531.90","1,513.00","1,515.00","1,517.80","1,520.57","1,12,83,291","17,15,69,79,936.80","2,58,008","40,04,213","35.49"
"RELIANCE","EQ","04-Jul-2025","1,517.80","1,524.00","1,530.00","1,517.20","1,528.10","1,527.30","1,523.57","66,03,501","10,06,09,08,691.00","1,67,255","39,84,058","60.33"
"RELIANCE","EQ","07-Jul-2025","1,527.30","1,526.60","1,544.80","1,525.00","1,540.50","1,541.50","1,539.06","72,51,074","11,15,98,58,745.50","2,05,134","47,90,308","66.06"
"RELIANCE","EQ","08-Jul-2025","1,541.50","1,536.00","1,544.90","1,530.20","1,538.00","1,537.60","1,536.23","71,71,261","11,01,66,84,351.60","1,91,265","42,36,138","59.07"
"RELIANCE","EQ","09-Jul-2025","1,537.60","1,536.70","1,551.00","1,510.10","1,520.50","1,519.00","1,532.97","88,70,660","13,59,84,41,338.60","2,54,524","52,73,816","59.45"
"RELIANCE","EQ","10-Jul-2025","1,519.00","1,519.70","1,524.70","1,507.50","1,515.20","1,517.20","1,516.20","1,00,47,129","15,23,34,58,376.40","2,89,035","50,54,620","50.31"
"RELIANCE","EQ","11-Jul-2025","1,517.20","1,512.00","1,515.00","1,490.30","1,495.00","1,495.20","1,496.06","72,34,991","10,82,39,82,872.20","1,78,490","52,35,926","72.37"
"RELIANCE","EQ","14-Jul-2025","1,495.20","1,492.20","1,500.00","1,479.10","1,486.40","1,483.70","1,487.76","1,03,11,846","15,34,15,29,534.70","1,86,122","79,80,365","77.39"
"RELIANCE","EQ","15-Jul-2025","1,483.70","1,486.20","1,496.50","1,482.40","1,488.50","1,485.40","1,487.92","81,32,454","12,10,04,48,372.90","1,73,756","53,61,113","65.92"
"RELIANCE","EQ","16-Jul-2025","1,485.40","1,473.00","1,491.00","1,471.50","1,486.20","1,485.60","1,481.43","1,04,09,983","15,42,16,36,574.60","1,91,598","71,55,850","68.74"
"RELIANCE","EQ","17-Jul-2025","1,485.60","1,487.40","1,489.60","1,473.90","1,478.70","1,476.40","1,479.78","1,18,54,613","17,54,22,05,685.80","1,89,733","79,88,502","67.39"
"RELIANCE","EQ","18-Jul-2025","1,476.40","1,484.80","1,484.80","1,469.10","1,476.00","1,476.00","1,475.20","1,02,96,318","15,18,91,04,342.00","2,22,241","78,06,111","75.81"
"RELIANCE","EQ","21-Jul-2025","1,476.00","1,465.00","1,476.00","1,423.10","1,428.20","1,428.60","1,435.24","2,24,42,744","32,21,07,51,693.50","6,30,358","1,53,00,469","68.18"
"RELIANCE","EQ","22-Jul-2025","1,428.60","1,427.40","1,431.90","1,410.70","1,413.80","1,412.80","1,417.05","2,03,96,320","28,90,27,00,383.40","5,04,145","1,60,46,485","78.67"
"RELIANCE","EQ","23-Jul-2025","1,412.80","1,426.00","1,426.00","1,414.40","1,425.00","1,424.60","1,421.41","83,54,596","11,87,53,15,134.70","2,25,103","57,99,080","69.41"
"RELIANCE","EQ","24-Jul-2025","1,424.60","1,419.20","1,423.00","1,396.00","1,402.80","1,402.90","1,407.06","1,47,40,507","20,74,07,88,758.30","3,14,670","1,01,45,972","68.83"
"RELIANCE","EQ","25-Jul-2025","1,402.90","1,398.90","1,401.00","1,384.10","1,392.40","1,391.70","1,394.22","1,18,54,722","16,52,80,44,233.50","2,37,018","86,29,824","72.80"
"RELIANCE","T0","25-Jul-2025","1,402.90","1,402.90","1,402.90","1,402.90","1,402.90","1,391.70","1,402.90","2","2,805.80","2","1","50.00"
"RELIANCE","EQ","28-Jul-2025","1,391.70","1,392.30","1,407.80","1,385.00","1,387.10","1,387.60","1,394.17","77,48,361","10,80,25,52,328.10","1,98,421","49,03,748","63.29"
"RELIANCE","EQ","29-Jul-2025","1,387.60","1,383.00","1,420.20","1,383.00","1,416.60","1,417.10","1,402.99","1,07,50,072","15,08,22,11,933.30","1,87,813","71,78,436","66.78"
"RELIANCE","EQ","30-Jul-2025","1,417.10","1,418.10","1,423.30","1,401.30","1,409.70","1,410.10","1,411.50","72,09,849","10,17,67,19,970.80","1,67,311","39,30,581","54.52"
"RELIANCE","EQ","31-Jul-2025","1,410.10","1,388.10","1,402.60","1,382.20","1,390.00","1,390.20","1,392.63","1,70,65,827","23,76,63,74,015.30","3,73,516","1,14,58,014","67.14"
"RELIANCE","EQ","01-Aug-2025","1,390.20","1,386.90","1,405.90","1,384.30","1,394.10","1,393.70","1,397.47","1,03,21,171","14,42,34,88,951.80","2,08,431","71,59,472","69.37"
"RELIANCE","EQ","04-Aug-2025","1,393.70","1,395.10","1,416.10","1,391.70","1,410.20","1,411.50","1,410.61","63,12,820","8,90,49,07,900.60","1,88,246","39,63,011","62.78"
"RELIANCE","EQ","05-Aug-2025","1,411.50","1,411.00","1,411.00","1,388.10","1,390.00","1,391.70","1,394.50","93,15,972","12,99,11,63,046.80","2,38,858","61,09,843","65.58"
"RELIANCE","EQ","06-Aug-2025","1,391.70","1,391.90","1,395.90","1,383.30","1,393.00","1,392.80","1,390.57","58,34,312","8,11,30,06,686.00","1,56,725","36,10,090","61.88"
"RELIANCE","EQ","07-Aug-2025","1,392.80","1,387.70","1,393.70","1,366.00","1,391.00","1,389.40","1,381.52","99,76,705","13,78,30,47,743.50","2,93,767","56,09,828","56.23"
"RELIANCE","EQ","08-Aug-2025","1,389.40","1,385.00","1,397.20","1,365.00","1,366.20","1,367.80","1,374.93","87,93,606","12,09,05,91,567.60","2,08,137","59,02,434","67.12"
"RELIANCE","EQ","11-Aug-2025","1,367.80","1,370.00","1,388.00","1,361.20","1,384.60","1,386.20","1,375.78","99,97,486","13,75,43,51,256.50","2,26,304","63,07,917","63.10"
"RELIANCE","EQ","12-Aug-2025","1,386.20","1,381.90","1,401.90","1,375.20","1,381.00","1,380.40","1,386.76","1,22,44,664","16,98,03,68,560.10","1,79,433","72,93,929","59.57"
"RELIANCE","EQ","13-Aug-2025","1,380.40","1,388.00","1,391.80","1,377.50","1,384.00","1,382.60","1,384.19","74,57,021","10,32,19,69,058.70","2,08,576","49,02,944","65.75"
"RELIANCE","EQ","14-Aug-2025","1,382.60","1,377.30","1,380.70","1,370.10","1,372.90","1,373.80","1,375.17","71,26,128","9,79,96,29,519.90","1,75,588","37,69,500","52.90"
"RELIANCE","EQ","18-Aug-2025","1,373.80","1,390.00","1,394.90","1,377.00","1,382.90","1,381.70","1,384.21","1,17,85,109","16,31,30,18,769.80","3,19,844","81,14,028","68.85"
"RELIANCE","EQ","19-Aug-2025","1,381.70","1,390.00","1,421.00","1,389.10","1,421.00","1,420.10","1,413.60","1,43,84,719","20,33,42,96,972.40","2,88,664","79,72,340","55.42"
"RELIANCE","EQ","20-Aug-2025","1,420.10","1,413.00","1,424.90","1,410.00","1,412.00","1,413.00","1,418.58","87,25,641","12,37,79,83,949.70","1,96,554","55,38,212","63.47"
"RELIANCE","EQ","21-Aug-2025","1,413.00","1,425.00","1,431.90","1,420.30","1,424.30","1,424.80","1,427.55","1,10,21,323","15,73,34,74,504.40","2,31,863","58,57,893","53.15"
"RELIANCE","EQ","22-Aug-2025","1,424.80","1,420.00","1,423.40","1,407.90","1,409.90","1,409.20","1,414.00","58,18,868","8,22,78,76,997.30","1,37,165","32,28,389","55.48"
"RELIANCE","EQ","25-Aug-2025","1,409.20","1,414.70","1,419.50","1,405.70","1,413.70","1,412.60","1,412.48","59,79,407","8,44,57,89,682.30","1,84,067","33,04,471","55.26"
"RELIANCE","EQ","26-Aug-2025","1,412.60","1,408.00","1,410.00","1,381.60","1,383.80","1,384.90","1,390.78","1,21,45,259","16,89,13,59,345.30","2,01,578","82,89,888","68.26"
"RELIANCE","EQ","28-Aug-2025","1,384.90","1,389.90","1,392.20","1,366.50","1,390.90","1,385.90","1,380.78","1,31,61,813","18,17,35,99,832.00","2,52,423","77,61,123","58.97"
"RELIANCE","EQ","29-Aug-2025","1,385.90","1,381.10","1,403.50","1,350.00","1,356.00","1,357.20","1,375.14","1,87,58,842","25,79,60,85,387.60","3,48,532","91,44,810","48.75"
"RELIANCE","EQ","01-Sep-2025","1,357.20","1,356.00","1,363.20","1,340.60","1,355.00","1,353.90","1,353.99","1,12,32,238","15,20,83,77,268.50","2,49,574","62,77,512","55.89"
"RELIANCE","EQ","02-Sep-2025","1,353.90","1,354.80","1,384.50","1,354.50","1,367.50","1,366.50","1,374.28","1,15,17,006","15,82,76,20,364.30","2,35,433","44,33,317","38.49"
"RELIANCE","EQ","03-Sep-2025","1,366.50","1,369.70","1,376.50","1,360.50","1,372.00","1,372.60","1,368.85","78,47,563","10,74,21,61,678.40","2,09,277","41,86,363","53.35"
"RELIANCE","EQ","04-Sep-2025","1,372.60","1,371.80","1,374.00","1,357.10","1,359.10","1,359.30","1,363.97","1,32,23,177","18,03,59,88,833.70","2,00,473","64,33,957","48.66"
"RELIANCE","EQ","05-Sep-2025","1,359.30","1,363.00","1,381.00","1,359.30","1,375.70","1,375.00","1,370.36","57,77,575","7,91,73,73,815.60","1,42,951","26,89,378","46.55"
"RELIANCE","BL","08-Sep-2025","1,238.85","1,375.00","1,375.00","1,375.00","1,375.00","1,375.00","1,375.00","5,17,192","71,11,39,000.00","1","-","-"
"RELIANCE","EQ","08-Sep-2025","1,375.00","1,380.00","1,386.00","1,372.40","1,378.90","1,378.50","1,379.43","69,86,720","9,63,76,80,456.60","1,31,052","40,39,694","57.82"
"RELIANCE","EQ","09-Sep-2025","1,378.50","1,376.60","1,381.20","1,368.70","1,376.10","1,376.20","1,375.44","97,54,452","13,41,66,75,656.70","2,09,637","51,72,686","53.03"
"RELIANCE","EQ","10-Sep-2025","1,376.20","1,383.90","1,388.50","1,374.10","1,377.50","1,377.00","1,380.12","77,90,815","10,75,22,66,849.20","2,22,655","50,00,359","64.18"
"RELIANCE","EQ","11-Sep-2025","1,377.00","1,376.00","1,385.50","1,375.00","1,382.10","1,383.30","1,382.49","97,66,072","13,50,14,79,258.50","1,73,431","38,85,694","39.79"
"RELIANCE","BL","12-Sep-2025","1,375.00","1,383.30","1,383.30","1,383.30","1,383.30","1,383.30","1,383.30","5,02,592","69,52,35,513.60","1","-","-"
"RELIANCE","EQ","12-Sep-2025","1,383.30","1,383.30","1,396.30","1,380.50","1,395.00","1,395.00","1,392.69","74,03,368","10,31,06,08,459.50","1,56,369","47,99,871","64.83"
"RELIANCE","EQ","15-Sep-2025","1,395.00","1,393.00","1,400.80","1,388.60","1,399.30","1,399.30","1,395.97","53,96,697","7,53,36,35,758.20","1,30,728","26,86,847","49.79"
"RELIANCE","EQ","16-Sep-2025","1,399.30","1,404.70","1,408.00","1,398.20","1,405.90","1,405.30","1,404.00","86,86,961","12,19,64,51,860.10","1,70,452","37,85,461","43.58"
"RELIANCE","EQ","17-Sep-2025","1,405.30","1,407.00","1,416.20","1,406.90","1,413.00","1,413.80","1,412.05","75,19,417","10,61,78,06,261.00","1,89,638","40,26,871","53.55"
"RELIANCE","EQ","18-Sep-2025","1,413.80","1,420.40","1,422.00","1,410.70","1,415.00","1,415.00","1,415.31","93,32,642","13,20,85,89,778.10","1,82,559","49,90,691","53.48"
"RELIANCE","EQ","19-Sep-2025","1,415.00","1,414.90","1,417.00","1,403.60","1,407.60","1,407.40","1,408.43","1,34,61,373","18,95,93,42,246.10","1,43,644","92,15,393","68.46"
"RELIANCE","EQ","22-Sep-2025","1,407.40","1,403.90","1,410.70","1,388.00","1,390.90","1,390.60","1,400.91","77,57,970","10,86,82,28,760.60","1,36,991","42,10,604","54.27"
"RELIANCE","EQ","23-Sep-2025","1,390.60","1,391.00","1,395.00","1,376.80","1,390.50","1,389.80","1,387.57","1,40,14,702","19,44,63,55,038.70","2,10,931","59,47,857","42.44"
"RELIANCE","EQ","24-Sep-2025","1,389.80","1,385.30","1,396.00","1,380.40","1,381.10","1,383.00","1,387.32","59,22,759","8,21,67,78,017.50","1,20,399","30,42,640","51.37"
"RELIANCE","EQ","25-Sep-2025","1,383.00","1,381.30","1,384.50","1,369.00","1,374.80","1,372.40","1,375.53","1,14,11,143","15,69,63,73,894.00","1,55,102","55,24,953","48.42"
"RELIANCE","EQ","26-Sep-2025","1,372.40","1,372.00","1,382.70","1,366.00","1,379.00","1,377.60","1,376.37","98,79,109","13,59,73,42,647.00","1,48,644","58,14,241","58.85"
"RELIANCE","EQ","29-Sep-2025","1,377.60","1,381.60","1,389.00","1,368.00","1,376.00","1,372.80","1,375.78","1,42,31,999","19,58,01,10,793.70","2,13,268","78,13,128","54.90"
"RELIANCE","EQ","30-Sep-2025","1,372.80","1,377.10","1,377.10","1,362.80","1,364.00","1,364.00","1,366.52","1,46,04,684","19,95,75,82,304.90","2,23,375","70,34,845","48.17"
"RELIANCE","EQ","01-Oct-2025","1,364.00","1,367.00","1,378.60","1,362.70","1,370.00","1,368.70","1,369.56","1,20,45,916","16,49,76,35,567.10","2,58,017","66,26,990","55.01"
"RELIANCE","EQ","03-Oct-2025","1,368.70","1,363.20","1,371.60","1,356.90","1,363.30","1,363.40","1,362.13","1,28,42,347","17,49,29,14,973.80","2,16,161","81,25,598","63.27"
"RELIANCE","EQ","06-Oct-2025","1,363.40","1,360.00","1,377.40","1,359.00","1,374.90","1,375.00","1,367.85","1,23,96,580","16,95,66,55,218.30","1,84,550","85,59,342","69.05"
"RELIANCE","EQ","07-Oct-2025","1,375.00","1,376.00","1,395.90","1,375.90","1,384.50","1,384.80","1,386.79","1,12,44,040","15,59,31,76,402.20","1,96,055","41,61,773","37.01"
"RELIANCE","EQ","08-Oct-2025","1,384.80","1,384.80","1,389.00","1,364.50","1,367.30","1,367.40","1,371.62","85,25,081","11,69,32,12,975.10","2,14,245","44,18,059","51.82"
"RELIANCE","EQ","09-Oct-2025","1,367.40","1,374.00","1,380.00","1,369.10","1,376.50","1,377.80","1,376.25","88,26,633","12,14,76,69,213.50","2,17,890","40,61,507","46.01"
"RELIANCE","EQ","10-Oct-2025","1,377.80","1,377.80","1,388.00","1,375.10","1,380.90","1,381.70","1,383.21","63,73,084","8,81,53,17,323.10","1,93,985","33,42,511","52.45"
"RELIANCE","EQ","13-Oct-2025","1,381.70","1,376.90","1,377.70","1,367.80","1,376.00","1,375.00","1,372.70","76,00,682","10,43,34,92,493.50","1,75,585","29,53,669","38.86"
"RELIANCE","EQ","14-Oct-2025","1,375.00","1,380.00","1,388.00","1,370.10","1,374.90","1,375.90","1,377.47","97,68,174","13,45,53,95,764.80","1,64,937","35,50,018","36.34"
"RELIANCE","EQ","15-Oct-2025","1,375.90","1,383.00","1,384.00","1,372.70","1,374.70","1,374.30","1,377.15","1,08,82,743","14,98,71,55,897.30","2,39,811","68,60,468","63.04"
"RELIANCE","EQ","16-Oct-2025","1,374.30","1,375.10","1,400.50","1,375.00","1,398.50","1,398.30","1,387.20","1,23,15,932","17,08,46,36,046.80","2,87,913","70,90,367","57.57"
"RELIANCE","EQ","17-Oct-2025","1,398.30","1,401.00","1,423.30","1,399.10","1,419.10","1,416.80","1,413.78","1,93,35,561","27,33,62,05,033.00","3,50,761","1,06,90,779","55.29"
"RELIANCE","EQ","20-Oct-2025","1,416.80","1,440.00","1,473.80","1,433.30","1,467.90","1,466.80","1,461.76","2,47,21,978","36,13,76,73,257.50","5,12,798","1,37,00,787","55.42"
"RELIANCE","EQ","21-Oct-2025","1,466.80","1,468.00","1,474.00","1,460.00","1,461.00","1,465.20","1,467.87","20,66,169","3,03,28,61,642.80","86,819","10,01,878","48.49"
"RELIANCE","EQ","23-Oct-2025","1,465.20","1,475.00","1,482.90","1,444.60","1,448.00","1,448.40","1,464.71","1,87,07,090","27,40,03,74,842.50","3,76,220","1,03,38,619","55.27"
"RELIANCE","EQ","24-Oct-2025","1,448.40","1,450.00","1,459.80","1,441.00","1,451.10","1,451.60","1,450.25","97,00,837","14,06,86,22,023.20","2,21,258","49,90,318","51.44"
"RELIANCE","EQ","27-Oct-2025","1,451.60","1,463.00","1,485.00","1,458.00","1,483.20","1,484.10","1,480.24","1,41,13,867","20,89,18,82,342.50","2,74,839","96,57,852","68.43"
"RELIANCE","EQ","28-Oct-2025","1,484.10","1,484.10","1,492.00","1,477.60","1,489.70","1,486.90","1,484.96","1,76,31,577","26,18,22,48,923.90","3,14,894","86,69,771","49.17"
"RELIANCE","EQ","29-Oct-2025","1,486.90","1,490.00","1,508.30","1,488.10","1,504.00","1,504.20","1,502.67","1,18,84,745","17,85,88,00,582.60","2,19,504","61,17,995","51.48"
"RELIANCE","BL","30-Oct-2025","1,383.30","1,475.50","1,475.50","1,475.50","1,475.50","1,475.50","1,475.50","2,95,600","43,61,57,800.00","1","-","-"
"RELIANCE","EQ","30-Oct-2025","1,504.20","1,500.00","1,503.10","1,484.00","1,489.50","1,488.50","1,492.27","93,18,663","13,90,59,20,959.90","2,76,397","40,83,872","43.82"
"RELIANCE","EQ","31-Oct-2025","1,488.50","1,490.40","1,497.50","1,482.30","1,487.00","1,486.40","1,487.80","87,58,053","13,03,02,57,785.30","2,06,898","51,97,373","59.34"
"RELIANCE","EQ","03-Nov-2025","1,486.40","1,486.00","1,495.00","1,479.30","1,487.30","1,484.70","1,488.29","84,52,085","12,57,91,61,982.90","2,45,664","41,06,209","48.58"
"RELIANCE","EQ","04-Nov-2025","1,484.70","1,483.90","1,492.80","1,470.10","1,471.10","1,473.10","1,480.96","1,00,07,806","14,82,11,44,472.70","2,18,103","40,92,497","40.89"
"RELIANCE","EQ","06-Nov-2025","1,473.10","1,484.00","1,501.60","1,476.20","1,494.80","1,496.10","1,494.08","1,67,72,678","25,05,96,56,533.30","2,69,902","91,33,200","54.45"
"RELIANCE","EQ","07-Nov-2025","1,496.10","1,494.60","1,498.40","1,475.90","1,480.00","1,478.00","1,486.71","78,21,765","11,62,87,33,264.10","1,39,608","47,72,863","61.02"
"RELIANCE","EQ","10-Nov-2025","1,478.00","1,477.90","1,501.00","1,475.50","1,490.10","1,489.30","1,492.69","70,68,438","10,55,09,78,254.30","1,54,602","42,98,505","60.81"
"RELIANCE","EQ","11-Nov-2025","1,489.30","1,497.00","1,498.80","1,480.20","1,493.80","1,493.40","1,489.58","71,27,506","10,61,69,76,771.80","1,49,607","35,57,777","49.92"
"RELIANCE","EQ","12-Nov-2025","1,493.40","1,505.00","1,524.70","1,500.00","1,511.80","1,511.50","1,515.00","1,23,84,459","18,76,25,17,172.20","2,52,417","78,62,490","63.49"
"RELIANCE","EQ","13-Nov-2025","1,511.50","1,515.00","1,522.10","1,506.80","1,512.10","1,510.90","1,514.35","71,96,443","10,89,79,56,389.70","2,09,774","46,19,589","64.19"
"RELIANCE","EQ","14-Nov-2025","1,510.90","1,505.50","1,520.90","1,505.50","1,518.20","1,518.90","1,516.51","76,82,823","11,65,10,84,505.30","1,94,941","54,26,632","70.63"
"RELIANCE","EQ","17-Nov-2025","1,518.90","1,520.90","1,523.70","1,511.50","1,518.00","1,518.30","1,516.89","58,71,416","8,90,62,94,222.30","1,23,473","31,91,232","54.35"
"RELIANCE","EQ","18-Nov-2025","1,518.30","1,521.70","1,527.80","1,510.50","1,520.00","1,519.40","1,520.18","1,10,45,042","16,79,05,05,249.50","1,65,850","59,92,310","54.25"
"RELIANCE","EQ","19-Nov-2025","1,519.40","1,517.40","1,522.30","1,512.00","1,519.00","1,518.90","1,518.64","56,92,366","8,64,46,40,452.70","1,31,481","34,25,018","60.17"
"RELIANCE","BL","19-Nov-2025","1,475.50","1,519.40","1,519.40","1,519.40","1,519.40","1,519.40","1,519.40","3,98,012","60,47,39,432.80","1","-","-"
"RELIANCE","EQ","20-Nov-2025","1,518.90","1,530.00","1,550.90","1,526.70","1,549.50","1,549.10","1,543.57","1,81,71,724","28,04,93,06,041.50","2,46,552","1,22,59,441","67.46"
"RELIANCE","EQ","21-Nov-2025","1,549.10","1,541.00","1,557.80","1,540.10","1,543.70","1,546.60","1,549.35","96,15,271","14,89,73,85,970.30","2,40,250","52,16,783","54.26"
"RELIANCE","BL","21-Nov-2025","1,519.40","1,534.00","1,534.00","1,534.00","1,534.00","1,534.00","1,534.00","3,52,107","54,01,32,138.00","1","-","-"
"RELIANCE","T0","21-Nov-2025","1,549.10","1,540.00","1,540.00","1,540.00","1,540.00","1,546.60","1,540.00","20","30,800.00","2","-","-"
"RELIANCE","EQ","24-Nov-2025","1,546.60","1,550.00","1,550.00","1,531.80","1,534.90","1,535.90","1,537.26","1,84,33,951","28,33,78,41,303.40","1,98,313","1,28,18,848","69.54"
"RELIANCE","EQ","25-Nov-2025","1,535.90","1,535.90","1,559.60","1,525.10","1,540.00","1,539.70","1,546.34","1,50,33,482","23,24,69,09,829.70","2,99,805","78,63,116","52.30"
"RELIANCE","EQ","26-Nov-2025","1,539.70","1,542.30","1,571.60","1,540.50","1,569.60","1,569.90","1,562.98","1,40,54,299","21,96,65,88,733.90","2,85,274","85,61,296","60.92"
"RELIANCE","EQ","27-Nov-2025","1,569.90","1,575.00","1,575.50","1,556.00","1,564.80","1,563.40","1,563.68","97,94,643","15,31,57,04,900.90","2,78,929","56,55,438","57.74"
"RELIANCE","EQ","28-Nov-2025","1,563.40","1,568.00","1,581.30","1,563.00","1,569.00","1,567.50","1,571.94","89,59,508","14,08,38,38,960.40","2,29,373","48,92,138","54.60"
"RELIANCE","EQ","01-Dec-2025","1,567.50","1,575.00","1,577.50","1,563.60","1,566.50","1,566.10","1,571.31","89,20,233","14,01,64,86,649.50","2,92,601","49,19,907","55.15"
"RELIANCE","EQ","02-Dec-2025","1,566.10","1,561.10","1,567.50","1,542.00","1,548.30","1,546.30","1,550.62","1,13,89,150","17,66,02,97,036.30","3,23,713","74,33,861","65.27"
"RELIANCE","EQ","03-Dec-2025","1,546.30","1,545.20","1,552.40","1,533.00","1,539.10","1,538.80","1,539.45","60,90,883","9,37,65,93,978.90","1,56,721","40,53,636","66.55"
"RELIANCE","EQ","04-Dec-2025","1,538.80","1,536.00","1,560.50","1,517.60","1,525.30","1,535.60","1,543.73","1,18,67,930","18,32,08,33,054.60","2,03,260","77,07,822","64.95"
"RELIANCE","EQ","05-Dec-2025","1,535.60","1,530.40","1,545.80","1,520.60","1,544.60","1,540.60","1,534.80","1,01,83,266","15,62,92,90,582.50","1,81,528","65,39,615","64.22"
"RELIANCE","EQ","08-Dec-2025","1,540.60","1,539.20","1,551.00","1,535.00","1,539.90","1,543.00","1,540.71","1,13,01,491","17,41,23,09,977.70","1,82,756","66,13,331","58.52"
"RELIANCE","EQ","09-Dec-2025","1,543.00","1,540.30","1,542.50","1,520.10","1,532.40","1,529.40","1,530.00","1,15,03,971","17,60,10,83,501.20","2,05,129","64,92,653","56.44"
"RELIANCE","EQ","10-Dec-2025","1,529.40","1,534.00","1,547.50","1,531.40","1,533.50","1,536.90","1,539.72","79,91,629","12,30,48,93,787.50","2,02,989","53,65,813","67.14"
"RELIANCE","EQ","11-Dec-2025","1,536.90","1,536.90","1,550.00","1,524.00","1,543.00","1,545.00","1,540.61","47,06,197","7,25,04,28,118.40","1,68,155","22,12,402","47.01"
"RELIANCE","EQ","12-Dec-2025","1,545.00","1,550.80","1,559.80","1,546.10","1,554.30","1,556.50","1,555.21","51,06,655","7,94,19,40,758.50","1,39,702","34,05,248","66.68"
"RELIANCE","EQ","15-Dec-2025","1,556.50","1,551.20","1,558.60","1,546.50","1,557.00","1,556.20","1,553.69","57,74,543","8,97,18,36,560.70","1,85,872","39,25,713","67.98"
"RELIANCE","EQ","16-Dec-2025","1,556.20","1,545.00","1,551.70","1,538.80","1,540.70","1,542.30","1,544.30","1,17,31,856","18,11,75,38,818.10","2,46,980","44,05,594","37.55"
"RELIANCE","EQ","17-Dec-2025","1,542.30","1,550.00","1,550.00","1,539.30","1,545.10","1,544.40","1,544.14","71,16,649","10,98,91,03,491.90","1,76,852","38,02,545","53.43"
"RELIANCE","EQ","18-Dec-2025","1,544.40","1,535.20","1,551.50","1,535.20","1,543.50","1,544.40","1,545.30","65,80,829","10,16,93,53,778.00","1,75,814","32,02,789","48.67"
"RELIANCE","EQ","19-Dec-2025","1,544.40","1,554.40","1,574.20","1,551.00","1,564.90","1,565.10","1,566.60","1,39,37,275","21,83,41,30,206.80","2,79,233","94,11,406","67.53"
"RELIANCE","EQ","22-Dec-2025","1,565.10","1,573.50","1,577.50","1,565.30","1,577.00","1,575.40","1,571.96","1,01,84,852","16,01,02,06,159.50","3,71,017","67,79,085","66.56"
"RELIANCE","EQ","23-Dec-2025","1,575.40","1,580.90","1,580.90","1,568.10","1,569.00","1,570.70","1,573.01","75,06,564","11,80,79,16,323.50","1,79,265","23,44,588","31.23"
"RELIANCE","EQ","24-Dec-2025","1,570.70","1,572.70","1,575.70","1,553.60","1,560.60","1,558.20","1,559.55","88,15,745","13,74,86,00,530.90","2,43,970","43,92,605","49.83"
"RELIANCE","EQ","26-Dec-2025","1,558.20","1,554.70","1,561.00","1,554.30","1,560.00","1,559.20","1,558.05","23,11,495","3,60,14,35,338.70","81,976","12,82,416","55.48"
"RELIANCE","EQ","29-Dec-2025","1,559.20","1,554.90","1,558.10","1,543.60","1,546.70","1,545.60","1,547.80","59,72,105","9,24,36,16,142.30","1,58,162","29,87,586","50.03"
"RELIANCE","EQ","30-Dec-2025","1,545.60","1,547.00","1,553.60","1,537.80","1,541.00","1,539.80","1,543.21","88,15,884","13,60,47,45,435.00","1,99,428","49,65,382","56.32"